KRAJ_ID;KRAJ;OKRES_ID;OKRES;OBEC_ID;OBEC;ZSJ_ID;ZSJ;Najèastejšie používaný jazyk v domácnosti;Najèastejšie používaný jazyk v domácnosti;Najèastejšie používaný jazyk v domácnosti;Najèastejšie používaný jazyk v domácnosti;Najèastejšie používaný jazyk v domácnosti;Najèastejšie používaný jazyk v domácnosti;Najèastejšie používaný jazyk v domácnosti;Najèastejšie používaný jazyk v domácnosti;Najèastejšie používaný jazyk v domácnosti;Najèastejšie používaný jazyk v domácnosti;Najèastejšie používaný jazyk v domácnosti;Najèastejšie používaný jazyk v domácnosti;Najèastejšie používaný jazyk v domácnosti;Najèastejšie používaný jazyk v domácnosti;Najèastejšie používaný jazyk v domácnosti
KRAJ_ID;KRAJ;OKRES_ID;OKRES;OBEC_ID;OBEC;ZSJ_ID;ZSJ;slovenský;maïarský;rómsky;rusínsky;ukrajinský;èeský;nemecký;po¾ský;chorvátsky;jidiš;bulharský;anglický;ostatné;nezistený;spolu
1;Bratislavský kraj;101;Bratislava I;528 595;Bratislava - Staré Mesto;2 040 640;Hradný svah;175;5;;;;5;2;;;;;4;2;15;208
1;Bratislavský kraj;101;Bratislava I;528 595;Bratislava - Staré Mesto;2 040 720;Lýceum;1 559;45;;;;16;9;1;2;1;;43;39;183;1 898
1;Bratislavský kraj;101;Bratislava I;528 595;Bratislava - Staré Mesto;2 040 810;Pamätník SNP;195;13;;;;4;3;1;;;;;1;26;243
1;Bratislavský kraj;101;Bratislava I;528 595;Bratislava - Staré Mesto;2 040 990;Bratislava - historické jadro;1 078;31;;;;9;6;;2;1;1;15;21;133;1 297
1;Bratislavský kraj;101;Bratislava I;528 595;Bratislava - Staré Mesto;2 041 020;Reduta;1 379;53;4;1;;20;5;1;2;1;1;20;40;154;1 681
1;Bratislavský kraj;101;Bratislava I;528 595;Bratislava - Staré Mesto;2 041 110;Podhradie;289;8;;;;3;;;;;3;2;3;41;349
1;Bratislavský kraj;101;Bratislava I;528 595;Bratislava - Staré Mesto;2 041 290;Park kultúry;34;3;;;;;1;;;;;;1;5;44
1;Bratislavský kraj;101;Bratislava I;528 595;Bratislava - Staré Mesto;2 041 370;Vinárky;670;3;;1;;7;1;;1;;;4;7;117;811
1;Bratislavský kraj;101;Bratislava I;528 595;Bratislava - Staré Mesto;2 041 450;Bôrik;1 802;26;;1;;12;9;1;3;;;11;22;303;2 190
1;Bratislavský kraj;101;Bratislava I;528 595;Bratislava - Staré Mesto;2 041 530;Na Hrebienku;2 303;74;;2;1;29;2;1;2;;;6;25;245;2 690
1;Bratislavský kraj;101;Bratislava I;528 595;Bratislava - Staré Mesto;2 041 610;Partizánska;1 864;26;1;3;;29;18;;;;;14;13;199;2 167
1;Bratislavský kraj;101;Bratislava I;528 595;Bratislava - Staré Mesto;2 041 700;Slavín;1 795;77;;;;25;10;1;1;;;8;20;202;2 139
1;Bratislavský kraj;101;Bratislava I;528 595;Bratislava - Staré Mesto;2 041 880;Štefánka;1 031;17;;1;;8;4;1;;;;5;13;115;1 195
1;Bratislavský kraj;101;Bratislava I;528 595;Bratislava - Staré Mesto;2 041 960;Charitas;633;32;;4;1;12;5;1;1;;;4;23;69;785
1;Bratislavský kraj;101;Bratislava I;528 595;Bratislava - Staré Mesto;2 042 000;Metropol;597;16;;;;4;6;;;;;2;5;77;707
1;Bratislavský kraj;101;Bratislava I;528 595;Bratislava - Staré Mesto;2 042 180;Rajská ulica;729;30;;3;1;10;3;;1;;;2;5;90;874
1;Bratislavský kraj;101;Bratislava I;528 595;Bratislava - Staré Mesto;2 042 260;Bezruèova ulica;1 247;32;;1;4;14;6;;;;;8;7;154;1 473
1;Bratislavský kraj;101;Bratislava I;528 595;Bratislava - Staré Mesto;2 042 340;Jakubovo námestie;2 064;80;1;1;1;10;1;2;1;1;;17;16;223;2 418
1;Bratislavský kraj;101;Bratislava I;528 595;Bratislava - Staré Mesto;2 042 420;Justièný palác;1 680;45;;;;9;8;;4;;;3;13;234;1 996
1;Bratislavský kraj;101;Bratislava I;528 595;Bratislava - Staré Mesto;2 044 550;Dubová ulica;1 419;12;;3;;26;15;1;;;;8;12;135;1 631
1;Bratislavský kraj;101;Bratislava I;528 595;Bratislava - Staré Mesto;2 044 800;Holý vrch;528;7;;;;4;8;;;;;7;0;51;605
1;Bratislavský kraj;101;Bratislava I;528 595;Bratislava - Staré Mesto;2 045 010;Kalvária;600;5;;2;4;10;4;;;;;6;4;54;689
1;Bratislavský kraj;101;Bratislava I;528 595;Bratislava - Staré Mesto;2 045 100;Sokolovòa;732;18;;;2;10;6;1;;;4;4;5;61;843
1;Bratislavský kraj;101;Bratislava I;528 595;Bratislava - Staré Mesto;2 045 520;Karpatská ulica;1 689;26;;2;;18;5;1;2;;;6;23;143;1 915
1;Bratislavský kraj;101;Bratislava I;528 595;Bratislava - Staré Mesto;2 045 610;Banskobystrická ulica;493;24;;1;1;3;4;;;;;;0;62;588
1;Bratislavský kraj;101;Bratislava I;528 595;Bratislava - Staré Mesto;2 045 790;Nová scéna;414;19;;1;1;9;3;;;;;4;9;56;516
1;Bratislavský kraj;101;Bratislava I;528 595;Bratislava - Staré Mesto;2 045 870;Rektorát techniky;66;;;;;;1;;;;;;1;4;72
1;Bratislavský kraj;101;Bratislava I;528 595;Bratislava - Staré Mesto;2 045 950;Avion;2 061;37;1;3;2;22;2;;1;;;12;11;227;2 379
1;Bratislavský kraj;101;Bratislava I;528 595;Bratislava - Staré Mesto;2 046 090;Vazovova;958;15;;1;;7;1;;;;;4;7;145;1 138
1;Bratislavský kraj;101;Bratislava I;528 595;Bratislava - Staré Mesto;2 061 300;Žilinská ulica;2 634;31;;3;;29;15;;1;2;;13;17;369;3 114
1;Bratislavský kraj;102;Bratislava II;529 311;Bratislava - Podunajské Biskupice;2 477 580;Podunajské Biskupice - západ;3 546;640;16;1;2;23;7;5;3;;1;8;69;425;4 746
1;Bratislavský kraj;102;Bratislava II;529 311;Bratislava - Podunajské Biskupice;2 793 740;Hydrostav;235;16;;1;1;1;;;;;;;0;22;276
1;Bratislavský kraj;102;Bratislava II;529 311;Bratislava - Podunajské Biskupice;2 793 820;Medzi jarkami;3 539;137;2;5;;21;6;2;2;;;13;25;416;4 168
1;Bratislavský kraj;102;Bratislava II;529 311;Bratislava - Podunajské Biskupice;2 793 910;Dolné hony - juh;4 226;149;3;5;2;23;6;2;;1;;14;23;498;4 952
1;Bratislavský kraj;102;Bratislava II;529 311;Bratislava - Podunajské Biskupice;2 794 040;Podunajské Biskupice - centrum;3 160;198;1;6;;21;2;;;;;6;25;290;3 709
1;Bratislavský kraj;102;Bratislava II;529 311;Bratislava - Podunajské Biskupice;2 794 120;Orenburská ulica;1 601;427;;1;;9;8;1;;;;4;12;287;2 350
1;Bratislavský kraj;102;Bratislava II;529 311;Bratislava - Podunajské Biskupice;2 794 210;Lesný hon;227;58;;;;2;;;;;;;2;30;319
1;Bratislavský kraj;102;Bratislava II;529 311;Bratislava - Podunajské Biskupice;2 794 630;Kopáè;82;1;;;;;;;;;;;0;8;91
1;Bratislavský kraj;102;Bratislava II;529 320;Bratislava - Ružinov;2 042 510;Koce¾ova ulica;1 772;41;1;2;;17;3;1;;3;;16;27;206;2 089
1;Bratislavský kraj;102;Bratislava II;529 320;Bratislava - Ružinov;2 042 690;Sídlisko >500 bytov<;1 912;39;;1;1;16;6;;;2;;8;24;239;2 248
1;Bratislavský kraj;102;Bratislava II;529 320;Bratislava - Ružinov;2 042 770;Zvolenská ulica;3 047;126;3;4;;14;5;;8;;;12;44;350;3 613
1;Bratislavský kraj;102;Bratislava II;529 320;Bratislava - Ružinov;2 042 850;Ružová dolina;4 424;93;1;3;4;39;19;;;;;24;86;428;5 121
1;Bratislavský kraj;102;Bratislava II;529 320;Bratislava - Ružinov;2 043 070;Plynárenské závody;160;10;;;;2;1;1;;;;;2;18;194
1;Bratislavský kraj;102;Bratislava II;529 320;Bratislava - Ružinov;2 043 150;Pálenisko;298;4;1;;;1;1;;;;;2;7;44;358
1;Bratislavský kraj;102;Bratislava II;529 320;Bratislava - Ružinov;2 043 230;Prístav;14;;;;;;;;;;;;0;5;19
1;Bratislavský kraj;102;Bratislava II;529 320;Bratislava - Ružinov;2 046 680;Jelaèièova ulica;1 696;39;;8;2;20;8;4;;1;;5;30;179;1 992
1;Bratislavský kraj;102;Bratislava II;529 320;Bratislava - Ružinov;2 046 760;Priemyselný obvod Miletièova;486;6;;;;1;1;;1;;;;0;126;621
1;Bratislavský kraj;102;Bratislava II;529 320;Bratislava - Ružinov;2 046 840;Starý Ružinov;4 136;95;;2;2;23;13;1;3;1;;24;50;477;4 827
1;Bratislavský kraj;102;Bratislava II;529 320;Bratislava - Ružinov;2 053 460;Trnávka - juh;2 625;36;;6;2;7;7;7;1;1;;20;39;250;3 001
1;Bratislavský kraj;102;Bratislava II;529 320;Bratislava - Ružinov;2 053 540;Trnávka - sever;2 779;53;;9;1;31;6;;;;;7;47;355;3 288
1;Bratislavský kraj;102;Bratislava II;529 320;Bratislava - Ružinov;2 053 890;Krajná ulica;474;8;;;;11;3;;;;;2;8;45;551
1;Bratislavský kraj;102;Bratislava II;529 320;Bratislava - Ružinov;2 053 970;Ivanská cesta - skleníky;24;;;;;;;;;;;;0;1;25
1;Bratislavský kraj;102;Bratislava II;529 320;Bratislava - Ružinov;2 054 010;Pri letisku Ivanka;3;2;;;;;;;;;;;0;40;45
1;Bratislavský kraj;102;Bratislava II;529 320;Bratislava - Ružinov;2 054 190;Letisko Ivanka;14;;;;;;;;;;;;0;2;16
1;Bratislavský kraj;102;Bratislava II;529 320;Bratislava - Ružinov;2 054 270;Záhradníctvo;2;;;;;;;;;;;;0;32;34
1;Bratislavský kraj;102;Bratislava II;529 320;Bratislava - Ružinov;2 054 510;Martinský cintorín;5;;;;;;;;;;;;0;;5
1;Bratislavský kraj;102;Bratislava II;529 320;Bratislava - Ružinov;2 054 600;Štrkovec - sever;3 489;63;1;2;1;29;10;;1;;2;13;55;447;4 113
1;Bratislavský kraj;102;Bratislava II;529 320;Bratislava - Ružinov;2 054 780;Štrkovec - juh;3 779;94;;3;1;38;18;1;2;;;15;47;520;4 518
1;Bratislavský kraj;102;Bratislava II;529 320;Bratislava - Ružinov;2 054 860;Ostredky - sever;3 621;95;;7;2;43;9;;3;1;;22;28;392;4 223
1;Bratislavský kraj;102;Bratislava II;529 320;Bratislava - Ružinov;2 054 940;Ostredky - juh;3 033;96;1;;;13;5;1;1;;;5;22;364;3 541
1;Bratislavský kraj;102;Bratislava II;529 320;Bratislava - Ružinov;2 055 080;Trávniky - západ;3 224;65;3;2;3;34;7;1;2;;2;5;29;326;3 703
1;Bratislavský kraj;102;Bratislava II;529 320;Bratislava - Ružinov;2 055 160;Trávniky - východ;4 516;118;3;6;1;28;8;1;1;;;13;39;628;5 362
1;Bratislavský kraj;102;Bratislava II;529 320;Bratislava - Ružinov;2 055 240;Pošeò - západ;2 186;49;1;1;;16;3;1;;;;9;9;372;2 647
1;Bratislavský kraj;102;Bratislava II;529 320;Bratislava - Ružinov;2 055 320;Pošeò - východ;3 860;79;1;1;2;39;11;;2;;;12;52;508;4 567
1;Bratislavský kraj;102;Bratislava II;529 320;Bratislava - Ružinov;2 055 590;Strojnícka ulica;498;17;;;;2;7;;1;;;;8;90;623
1;Bratislavský kraj;102;Bratislava II;529 320;Bratislava - Ružinov;2 055 670;Prievoz - východ;2 575;55;;8;4;21;7;2;2;;;14;43;294;3 025
1;Bratislavský kraj;102;Bratislava II;529 320;Bratislava - Ružinov;2 055 750;Prievoz - západ;2 851;58;;4;;25;6;;2;;;4;18;251;3 219
1;Bratislavský kraj;102;Bratislava II;529 320;Bratislava - Ružinov;2 055 910;Družstevný dvor Prievoz;74;1;;;;;;;;;;1;0;19;95
1;Bratislavský kraj;102;Bratislava II;529 320;Bratislava - Ružinov;2 056 050;Ústredná nákladná stanica;10;4;;;;;;;;;;;0;8;22
1;Bratislavský kraj;102;Bratislava II;529 320;Bratislava - Ružinov;2 056 130;Vstupný areál Slovnaft;361;14;;;;1;;1;;;;1;1;215;594
1;Bratislavský kraj;102;Bratislava II;529 320;Bratislava - Ružinov;2 056 210;Slovnaft;130;1;;;;;;;;;;;0;8;139
1;Bratislavský kraj;102;Bratislava II;529 320;Bratislava - Ružinov;2 056 300;Vlèie hrdlo;29;1;;;;;;;;;;;0;8;38
1;Bratislavský kraj;102;Bratislava II;529 320;Bratislava - Ružinov;2 059 660;Zlaté piesky;27;1;;;;;;;;;;;0;2;30
1;Bratislavský kraj;102;Bratislava II;529 320;Bratislava - Ružinov;2 793 230;Prievoz - sever;52;;;;;;;;;;;2;0;14;68
1;Bratislavský kraj;102;Bratislava II;529 338;Bratislava - Vrakuòa;2 702 700;Hrušov;429;5;;;;10;;;;;;2;3;57;506
1;Bratislavský kraj;102;Bratislava II;529 338;Bratislava - Vrakuòa;2 702 880;Nová Vrakuòa;1 177;19;;3;3;9;4;;1;;1;1;7;156;1 381
1;Bratislavský kraj;102;Bratislava II;529 338;Bratislava - Vrakuòa;2 702 960;Vrakuòa;5 959;282;10;7;;30;21;6;1;1;1;13;48;794;7 173
1;Bratislavský kraj;102;Bratislava II;529 338;Bratislava - Vrakuòa;2 793 310;Ubytovòa stavbárov;1 145;39;3;;;4;1;;1;;;4;4;121;1 322
1;Bratislavský kraj;102;Bratislava II;529 338;Bratislava - Vrakuòa;2 793 400;Dolné hony - sever;6 825;212;3;5;;37;14;;4;;2;8;46;835;7 991
1;Bratislavský kraj;102;Bratislava II;529 338;Bratislava - Vrakuòa;2 793 580;Èistiareò odpadových vôd;27;;;;;;;;;;;;1;5;33
1;Bratislavský kraj;102;Bratislava II;529 338;Bratislava - Vrakuòa;2 817 350;Horné diely;677;32;;1;;5;1;1;;1;;1;12;40;771
1;Bratislavský kraj;103;Bratislava III;529 346;Bratislava - Nové Mesto;2 043 310;Hrubý Drieòovec;16;;;;;;;;;;;;0;7;23
1;Bratislavský kraj;103;Bratislava III;529 346;Bratislava - Nové Mesto;2 043 400;Kamzík;6;;;;;;;;;;;;0;;6
1;Bratislavský kraj;103;Bratislava III;529 346;Bratislava - Nové Mesto;2 043 580;Nad Bielym krížom;504;5;;;;4;;;;;;8;4;54;579
1;Bratislavský kraj;103;Bratislava III;529 346;Bratislava - Nové Mesto;2 043 660;Briežky;47;3;;;;4;;;;;;;0;1;55
1;Bratislavský kraj;103;Bratislava III;529 346;Bratislava - Nové Mesto;2 043 740;Železnièné depo;339;6;;;1;1;;;;;2;2;2;34;387
1;Bratislavský kraj;103;Bratislava III;529 346;Bratislava - Nové Mesto;2 043 820;Koliba;1 043;18;;;1;26;8;1;;;;11;24;104;1 236
1;Bratislavský kraj;103;Bratislava III;529 346;Bratislava - Nové Mesto;2 044 040;Belianska ulica;1 821;20;;1;;6;17;2;;;;6;15;148;2 036
1;Bratislavský kraj;103;Bratislava III;529 346;Bratislava - Nové Mesto;2 044 120;Na Revíne;2 423;44;;;4;25;5;1;;;;12;22;266;2 802
1;Bratislavský kraj;103;Bratislava III;529 346;Bratislava - Nové Mesto;2 044 210;Jelšová ulica;1 155;38;1;;;6;5;;;;;3;15;85;1 308
1;Bratislavský kraj;103;Bratislava III;529 346;Bratislava - Nové Mesto;2 044 390;Nemocnica Kramáre;307;15;;;;1;6;;;;;;6;14;349
1;Bratislavský kraj;103;Bratislava III;529 346;Bratislava - Nové Mesto;2 044 470;Krásna Hôrka;189;1;;;;3;1;;;;;;2;20;216
1;Bratislavský kraj;103;Bratislava III;529 346;Bratislava - Nové Mesto;2 045 280;Matúškova ulica;486;16;;;;5;7;1;6;;;3;6;38;568
1;Bratislavský kraj;103;Bratislava III;529 346;Bratislava - Nové Mesto;2 045 360;Stráže;118;1;;;;2;10;;;;;5;1;18;155
1;Bratislavský kraj;103;Bratislava III;529 346;Bratislava - Nové Mesto;2 046 170;Pokrok;1 688;63;;1;3;22;2;1;3;;;5;22;160;1 970
1;Bratislavský kraj;103;Bratislava III;529 346;Bratislava - Nové Mesto;2 046 250;Podkolibský vodojem;98;3;;;;;;;;;;;3;16;120
1;Bratislavský kraj;103;Bratislava III;529 346;Bratislava - Nové Mesto;2 046 330;Unitas;765;17;1;;1;4;;1;;;;4;2;92;887
1;Bratislavský kraj;103;Bratislava III;529 346;Bratislava - Nové Mesto;2 046 410;Jiskrova ulica;1 002;21;;2;;6;;;;;;2;14;97;1 144
1;Bratislavský kraj;103;Bratislava III;529 346;Bratislava - Nové Mesto;2 046 920;Pri starej prachárni;2 649;68;5;5;2;34;6;3;4;;1;19;25;250;3 071
1;Bratislavský kraj;103;Bratislava III;529 346;Bratislava - Nové Mesto;2 047 060;Pasienky;1 247;37;;2;1;5;6;;;;;12;36;188;1 534
1;Bratislavský kraj;103;Bratislava III;529 346;Bratislava - Nové Mesto;2 047 140;Trnavské mýto;5;;;;;;;;;;;;0;2;7
1;Bratislavský kraj;103;Bratislava III;529 346;Bratislava - Nové Mesto;2 047 220;Elektrotechnické závody;32;;;;;2;;;;;;1;0;5;40
1;Bratislavský kraj;103;Bratislava III;529 346;Bratislava - Nové Mesto;2 047 490;Tehelné pole;3 176;74;3;4;1;32;9;2;3;;;18;30;371;3 723
1;Bratislavský kraj;103;Bratislava III;529 346;Bratislava - Nové Mesto;2 047 570;¼udová štvr;927;16;;1;;13;3;;;;;8;13;121;1 102
1;Bratislavský kraj;103;Bratislava III;529 346;Bratislava - Nové Mesto;2 047 650;Zátišie;1 361;28;;1;;10;2;;;;;8;17;172;1 599
1;Bratislavský kraj;103;Bratislava III;529 346;Bratislava - Nové Mesto;2 047 730;Hostinského sídlisko;1 339;24;;;;15;;;;;;10;16;154;1 558
1;Bratislavský kraj;103;Bratislava III;529 346;Bratislava - Nové Mesto;2 047 810;Brezovská ulica;796;7;1;2;;5;2;;1;;;4;7;59;884
1;Bratislavský kraj;103;Bratislava III;529 346;Bratislava - Nové Mesto;2 048 110;Chemické závody - Istrochem;1 061;24;4;1;1;7;1;1;;;;5;81;179;1 365
1;Bratislavský kraj;103;Bratislava III;529 346;Bratislava - Nové Mesto;2 048 200;Stará Vajnorská cesta;306;6;1;;;;;;;;;1;9;30;353
1;Bratislavský kraj;103;Bratislava III;529 346;Bratislava - Nové Mesto;2 048 380;Biely kríž;809;17;;;;14;;;;;;4;6;50;900
1;Bratislavský kraj;103;Bratislava III;529 346;Bratislava - Nové Mesto;2 048 460;Figaro;172;10;;1;;1;;;;;;;4;59;247
1;Bratislavský kraj;103;Bratislava III;529 346;Bratislava - Nové Mesto;2 048 540;Mladá garda;9;;;;;;;;;;;;0;1;10
1;Bratislavský kraj;103;Bratislava III;529 346;Bratislava - Nové Mesto;2 048 620;Teplická ulica;1 154;23;1;;1;10;4;;;;2;3;26;116;1 340
1;Bratislavský kraj;103;Bratislava III;529 346;Bratislava - Nové Mesto;2 048 710;Výskumný ústav zváraèský;29;;;;;;;;;;;;0;5;34
1;Bratislavský kraj;103;Bratislava III;529 346;Bratislava - Nové Mesto;2 053 620;Jurajov dvor;774;15;;2;;6;3;;;;;2;11;76;889
1;Bratislavský kraj;103;Bratislava III;529 346;Bratislava - Nové Mesto;2 053 710;Medika;65;2;;;;;;;;;;;0;6;73
1;Bratislavský kraj;103;Bratislava III;529 346;Bratislava - Nové Mesto;2 059 580;Staving;3;;;;;;;;;;;;0;;3
1;Bratislavský kraj;103;Bratislava III;529 346;Bratislava - Nové Mesto;2 798 380;Sibírska ulica;3 231;72;1;1;2;29;11;2;3;;;11;37;341;3 741
1;Bratislavský kraj;103;Bratislava III;529 354;Bratislava - Raèa;2 057 880;Kopanice;543;4;;6;;5;1;;1;;;2;4;85;651
1;Bratislavský kraj;103;Bratislava III;529 354;Bratislava - Raèa;2 057 960;Úžiny;5;;;;;;;;;;;;0;5;10
1;Bratislavský kraj;103;Bratislava III;529 354;Bratislava - Raèa;2 058 180;Krasòany - vozovòa;80;;;1;;;;;;;;2;0;21;104
1;Bratislavský kraj;103;Bratislava III;529 354;Bratislava - Raèa;2 058 260;Meopta;2 529;38;2;1;;27;6;2;;;;12;44;299;2 960
1;Bratislavský kraj;103;Bratislava III;529 354;Bratislava - Raèa;2 058 340;Krasòany;1 371;22;;1;;11;1;;2;1;;5;17;160;1 591
1;Bratislavský kraj;103;Bratislava III;529 354;Bratislava - Raèa;2 058 420;Raèa;1 825;7;;3;;15;3;;;;;12;29;218;2 112
1;Bratislavský kraj;103;Bratislava III;529 354;Bratislava - Raèa;2 058 510;Komisárky;3 331;31;;3;1;27;7;2;;2;;10;33;391;3 838
1;Bratislavský kraj;103;Bratislava III;529 354;Bratislava - Raèa;2 058 690;Stará Raèa;1 573;9;;;2;10;;4;1;;;2;10;255;1 866
1;Bratislavský kraj;103;Bratislava III;529 354;Bratislava - Raèa;2 058 770;Technomat;47;;;;;;;;;;;;0;5;52
1;Bratislavský kraj;103;Bratislava III;529 354;Bratislava - Raèa;2 058 930;Mäsokombinát;63;1;;;;1;;;;;;;1;64;130
1;Bratislavský kraj;103;Bratislava III;529 354;Bratislava - Raèa;2 059 070;Pri Šajbách;92;3;;;;3;;;;;;;2;2;102
1;Bratislavský kraj;103;Bratislava III;529 354;Bratislava - Raèa;2 059 150;Dopravná ulica;1 333;19;2;2;2;8;3;1;;;2;9;12;112;1 505
1;Bratislavský kraj;103;Bratislava III;529 354;Bratislava - Raèa;2 059 230;Zriaïovacia stanica I;21;;;;;;;;;;;;0;;21
1;Bratislavský kraj;103;Bratislava III;529 354;Bratislava - Raèa;2 794 710;Sídlisko >Experimentálka<;526;6;;;;9;1;;;;;1;8;111;662
1;Bratislavský kraj;103;Bratislava III;529 354;Bratislava - Raèa;2 794 800;Horné Šajby;950;14;;1;2;12;;1;;;;6;14;147;1 147
1;Bratislavský kraj;103;Bratislava III;529 354;Bratislava - Raèa;2 799 270;Barónka;2 511;33;;1;;36;5;1;1;;;5;16;319;2 928
1;Bratislavský kraj;103;Bratislava III;529 362;Bratislava - Vajnory;2 056 640;Ubytovne elektrotechnikov;424;5;;2;;1;;;;;;1;9;131;573
1;Bratislavský kraj;103;Bratislava III;529 362;Bratislava - Vajnory;2 056 720;Nové elektrotechnické závody;3;;;;;;;;;;;;0;2;5
1;Bratislavský kraj;103;Bratislava III;529 362;Bratislava - Vajnory;2 056 810;Šprinclov majer;7;;;;;;;;;;;;0;4;11
1;Bratislavský kraj;103;Bratislava III;529 362;Bratislava - Vajnory;2 057 020;Vajnory;3 715;26;1;6;;20;4;1;1;;;11;56;518;4 359
1;Bratislavský kraj;103;Bratislava III;529 362;Bratislava - Vajnory;2 057 110;Družstevný dvor Vajnory;6;;;;;;;;;;;;0;1;7
1;Bratislavský kraj;103;Bratislava III;529 362;Bratislava - Vajnory;2 057 370;Pri Vajnorskom letisku;79;;;;;;;;;;;;0;4;83
1;Bratislavský kraj;103;Bratislava III;529 362;Bratislava - Vajnory;2 057 530;Vajnorka;12;;;;;;;;;;;;0;3;15
1;Bratislavský kraj;104;Bratislava IV;529 401;Bratislava - Devín;2 052 650;Krá¾ova hora;65;4;;;;;;;;;;;0;4;73
1;Bratislavský kraj;104;Bratislava IV;529 401;Bratislava - Devín;2 052 810;Nad Devínom;109;;1;;;;2;;;1;;5;0;10;128
1;Bratislavský kraj;104;Bratislava IV;529 401;Bratislava - Devín;2 053 030;Devín;754;3;;;;9;2;1;;;;9;5;93;876
1;Bratislavský kraj;104;Bratislava IV;529 401;Bratislava - Devín;2 053 110;Kameòolom;14;;;;;;;;;;;;0;5;19
1;Bratislavský kraj;104;Bratislava IV;529 371;Bratislava - Devínska Nová Ves;2 106 410;Devínska Nová Ves;2 883;25;1;;;32;12;2;94;;;13;17;317;3 396
1;Bratislavský kraj;104;Bratislava IV;529 371;Bratislava - Devínska Nová Ves;2 106 500;Devínska Nová Ves - východ;1 596;5;;1;;12;9;;7;;;7;17;160;1 814
1;Bratislavský kraj;104;Bratislava IV;529 371;Bratislava - Devínska Nová Ves;2 798 710;Sandberg;54;;;;;;;;;;;;0;2;56
1;Bratislavský kraj;104;Bratislava IV;529 371;Bratislava - Devínska Nová Ves;2 798 890;Podhorské;4 824;53;1;;3;37;8;3;6;1;;17;29;441;5 423
1;Bratislavský kraj;104;Bratislava IV;529 371;Bratislava - Devínska Nová Ves;2 798 970;Kostolné;3 541;29;;3;;25;3;1;3;;2;8;26;484;4 125
1;Bratislavský kraj;104;Bratislava IV;529 371;Bratislava - Devínska Nová Ves;2 799 010;Devínske jazero;60;1;;;;;4;;;;;;0;6;71
1;Bratislavský kraj;104;Bratislava IV;529 371;Bratislava - Devínska Nová Ves;2 817 270;Volkswagen;630;26;;4;;3;3;;2;;;3;6;50;727
1;Bratislavský kraj;104;Bratislava IV;529 389;Bratislava - Dúbravka;2 060 160;Tepláreò - západ;4;;;;;;;;;;;;0;;4
1;Bratislavský kraj;104;Bratislava IV;529 389;Bratislava - Dúbravka;2 060 320;Tesla - elektroakustika;2 576;67;;4;2;22;7;1;;;;10;22;274;2 985
1;Bratislavský kraj;104;Bratislava IV;529 389;Bratislava - Dúbravka;2 060 410;Technické sklo;1 194;17;;1;;6;6;1;1;1;;;5;133;1 365
1;Bratislavský kraj;104;Bratislava IV;529 389;Bratislava - Dúbravka;2 060 590;Dieliky;302;8;;;1;3;;;;;;5;5;26;350
1;Bratislavský kraj;104;Bratislava IV;529 389;Bratislava - Dúbravka;2 060 670;Bazovského ulica;3 399;58;;2;;36;2;;1;;1;17;22;409;3 947
1;Bratislavský kraj;104;Bratislava IV;529 389;Bratislava - Dúbravka;2 060 750;Ulica kpt.Rašu;5 292;103;2;8;4;42;23;;7;;4;21;32;664;6 202
1;Bratislavský kraj;104;Bratislava IV;529 389;Bratislava - Dúbravka;2 060 830;Zúbekova ulica;3 108;25;;3;1;24;9;2;;3;1;19;28;315;3 538
1;Bratislavský kraj;104;Bratislava IV;529 389;Bratislava - Dúbravka;2 060 910;Dúbravka;905;5;;;;5;2;;1;;;11;8;130;1 067
1;Bratislavský kraj;104;Bratislava IV;529 389;Bratislava - Dúbravka;2 061 050;Tavaríkova kolónia;4 268;104;2;6;1;49;11;2;2;;2;28;38;625;5 138
1;Bratislavský kraj;104;Bratislava IV;529 389;Bratislava - Dúbravka;2 061 130;Švábsky vrch;11;;;;;;;;;;;;0;4;15
1;Bratislavský kraj;104;Bratislava IV;529 389;Bratislava - Dúbravka;2 795 280;Cabanova ulica;6 998;87;1;6;1;61;11;3;5;2;1;26;53;741;7 996
1;Bratislavský kraj;104;Bratislava IV;529 397;Bratislava - Karlova Ves;2 044 630;Areál Slovenskej akadémie vied;98;5;;;;;;;;;;;3;11;117
1;Bratislavský kraj;104;Bratislava IV;529 397;Bratislava - Karlova Ves;2 051 500;Botanická záhrada;334;2;;;;;1;;;;;;1;16;354
1;Bratislavský kraj;104;Bratislava IV;529 397;Bratislava - Karlova Ves;2 051 680;Prírodovedecká fakulta;47;4;;;;;;;;;;;0;5;56
1;Bratislavský kraj;104;Bratislava IV;529 397;Bratislava - Karlova Ves;2 051 760;Cintorín Slávièie údolie;89;;;;;;;;;;;;0;1;90
1;Bratislavský kraj;104;Bratislava IV;529 397;Bratislava - Karlova Ves;2 051 840;Slovenská televízia;24;;;;;;;;;;;;0;1;25
1;Bratislavský kraj;104;Bratislava IV;529 397;Bratislava - Karlova Ves;2 051 920;Starý Grunt;461;7;;;;4;;;1;;;2;4;15;494
1;Bratislavský kraj;104;Bratislava IV;529 397;Bratislava - Karlova Ves;2 052 060;Poliklinika Karlova Ves;3 252;52;3;2;;24;12;3;1;;;3;27;286;3 665
1;Bratislavský kraj;104;Bratislava IV;529 397;Bratislava - Karlova Ves;2 052 140;Riviéra;3 560;71;;4;1;28;7;2;1;;;15;29;301;4 019
1;Bratislavský kraj;104;Bratislava IV;529 397;Bratislava - Karlova Ves;2 052 220;Dlhé diely - východ;4 789;50;1;5;;17;11;6;;;;22;47;448;5 396
1;Bratislavský kraj;104;Bratislava IV;529 397;Bratislava - Karlova Ves;2 052 310;Kútiky;6 234;111;1;5;4;60;6;7;4;1;;45;36;633;7 147
1;Bratislavský kraj;104;Bratislava IV;529 397;Bratislava - Karlova Ves;2 052 570;Metrológia;47;3;;;;1;;;;;;;0;38;89
1;Bratislavský kraj;104;Bratislava IV;529 397;Bratislava - Karlova Ves;2 795 360;Dlhé diely - západ;3 425;75;;2;1;16;5;1;1;;1;10;15;241;3 793
1;Bratislavský kraj;104;Bratislava IV;529 397;Bratislava - Karlova Ves;2 798 460;Dlhé diely - sever;2 308;28;;2;;17;3;;6;1;;12;23;233;2 633
1;Bratislavský kraj;104;Bratislava IV;529 397;Bratislava - Karlova Ves;2 798 540;Dlhé diely - stred;4 155;107;;24;2;30;11;2;1;;;22;43;328;4 725
1;Bratislavský kraj;104;Bratislava IV;529 397;Bratislava - Karlova Ves;2 799 190;Internáty;36;;;;;;;;;;;;0;9;45
1;Bratislavský kraj;104;Bratislava IV;529 419;Bratislava - Lamaè;2 059 910;Lamaè - Podháj;5 067;74;;7;;52;13;2;3;1;;17;47;598;5 881
1;Bratislavský kraj;104;Bratislava IV;529 419;Bratislava - Lamaè;2 060 080;Lamaè - Segnáre;695;5;;;;1;1;;;;;;12;75;789
1;Bratislavský kraj;104;Bratislava IV;529 427;Bratislava - Záhorská Bystrica;2 717 990;Záhorská Bystrica;2 830;9;;5;;26;25;;1;1;1;21;24;374;3 317
1;Bratislavský kraj;104;Bratislava IV;529 427;Bratislava - Záhorská Bystrica;2 794 980;Po¾ný mlyn;3;;;;;;;;;;;;0;;3
1;Bratislavský kraj;104;Bratislava IV;529 427;Bratislava - Záhorská Bystrica;2 795 010;Plánky;67;;;;;;;;;;;;2;6;75
1;Bratislavský kraj;105;Bratislava V;529 435;Bratislava - Èunovo;2 099 880;Èunovo;791;30;;;;2;20;;84;;;1;10;72;1 010
1;Bratislavský kraj;105;Bratislava V;529 443;Bratislava - Jarovce;2 222 590;Jarovce;1 001;62;;;;3;11;;179;;;3;16;163;1 438
1;Bratislavský kraj;105;Bratislava V;529 460;Bratislava - Petržalka;2 048 890;Sad Janka Krá¾a;1;;;;;;2;;;;;;0;;3
1;Bratislavský kraj;105;Bratislava V;529 460;Bratislava - Petržalka;2 048 970;Petržalka - centrum;9;;;;;1;1;;;;;;0;1;12
1;Bratislavský kraj;105;Bratislava V;529 460;Bratislava - Petržalka;2 049 350;Gessayova ulica;3 468;99;4;8;1;25;15;1;5;1;2;15;38;338;4 020
1;Bratislavský kraj;105;Bratislava V;529 460;Bratislava - Petržalka;2 049 430;Hálova ulica;4 727;90;1;7;;33;12;;;;;24;20;443;5 357
1;Bratislavský kraj;105;Bratislava V;529 460;Bratislava - Petržalka;2 049 600;Vilová ulica;2 330;85;1;3;;24;10;1;2;;;7;29;244;2 736
1;Bratislavský kraj;105;Bratislava V;529 460;Bratislava - Petržalka;2 050 280;Kapitulský dvor;35;;;;;;;;;;;;1;3;39
1;Bratislavský kraj;105;Bratislava V;529 460;Bratislava - Petržalka;2 050 360;Kapitulské pole;494;4;2;;;4;;;;;;;3;115;622
1;Bratislavský kraj;105;Bratislava V;529 460;Bratislava - Petržalka;2 050 440;Matador;123;;;;;;4;;;;;;2;14;143
1;Bratislavský kraj;105;Bratislava V;529 460;Bratislava - Petržalka;2 050 520;Ševèenkova ulica;4 326;103;2;4;1;18;8;1;5;;;19;29;424;4 940
1;Bratislavský kraj;105;Bratislava V;529 460;Bratislava - Petržalka;2 050 790;Lúky - stred;7 666;147;5;3;1;32;17;;1;1;;40;61;902;8 876
1;Bratislavský kraj;105;Bratislava V;529 460;Bratislava - Petržalka;2 050 950;Janíkovské role;14;;;;1;;;;;;;;0;1;16
1;Bratislavský kraj;105;Bratislava V;529 460;Bratislava - Petržalka;2 051 090;Draždiak;3 368;72;3;6;1;14;6;2;4;;;9;31;362;3 878
1;Bratislavský kraj;105;Bratislava V;529 460;Bratislava - Petržalka;2 051 170;Draždiak - horáreò;134;1;;;;2;;;;;;2;1;13;153
1;Bratislavský kraj;105;Bratislava V;529 460;Bratislava - Petržalka;2 051 250;Dostihová dráha;2 897;69;;3;;12;3;2;2;;;6;19;261;3 274
1;Bratislavský kraj;105;Bratislava V;529 460;Bratislava - Petržalka;2 051 330;Mlynarovièova ulica;6 104;154;5;9;1;39;26;3;11;2;;26;55;586;7 021
1;Bratislavský kraj;105;Bratislava V;529 460;Bratislava - Petržalka;2 795 440;Malé centrum;8 530;174;3;14;;40;12;5;3;;1;36;76;814;9 708
1;Bratislavský kraj;105;Bratislava V;529 460;Bratislava - Petržalka;2 795 520;Haanova ulica;3 017;91;3;2;;30;4;4;;;;14;17;278;3 460
1;Bratislavský kraj;105;Bratislava V;529 460;Bratislava - Petržalka;2 795 610;Blagoevova ulica;3 298;88;1;2;;27;3;;;;;14;8;307;3 748
1;Bratislavský kraj;105;Bratislava V;529 460;Bratislava - Petržalka;2 795 790;Nové Ovsište;1 488;62;;1;;8;;;3;;;6;14;231;1 813
1;Bratislavský kraj;105;Bratislava V;529 460;Bratislava - Petržalka;2 795 870;Hrobákova ulica;6 257;118;1;10;;37;20;1;3;2;;21;33;664;7 167
1;Bratislavský kraj;105;Bratislava V;529 460;Bratislava - Petržalka;2 795 950;Lúky - juh;6 242;111;;11;1;28;13;2;5;;;12;43;698;7 166
1;Bratislavský kraj;105;Bratislava V;529 460;Bratislava - Petržalka;2 796 090;Rovniankova ulica;3 570;84;2;3;2;25;6;4;1;;;22;29;418;4 166
1;Bratislavský kraj;105;Bratislava V;529 460;Bratislava - Petržalka;2 796 250;Lúky - sever;3 862;87;1;8;1;25;4;;1;;;16;26;395;4 426
1;Bratislavský kraj;105;Bratislava V;529 460;Bratislava - Petržalka;2 797 490;Lúky - východ;6 871;101;3;7;7;34;6;3;2;;;28;59;765;7 886
1;Bratislavský kraj;105;Bratislava V;529 460;Bratislava - Petržalka;2 797 570;Tupolevova ulica;3 760;55;;5;;16;3;1;5;1;3;10;37;329;4 225
1;Bratislavský kraj;105;Bratislava V;529 460;Bratislava - Petržalka;2 797 730;Lenardova ulica;7 855;133;4;8;3;43;14;7;6;;2;40;56;802;8 973
1;Bratislavský kraj;105;Bratislava V;529 460;Bratislava - Petržalka;2 798 200;Bosákova ulica - sever;1 718;33;;1;1;1;6;1;5;;;3;8;237;2 014
1;Bratislavský kraj;105;Bratislava V;529 494;Bratislava - Rusovce;2 537 740;Rusovce;2 317;189;;1;4;8;20;;10;1;;6;22;267;2 845
